arrow-left.webp,43,91
arrow-right.webp,43,91
back_btn01.webp,786,150
back_btn02.webp,786,150
cv.webp,1001,407
img01.webp,1080,2544
img02.webp,1080,2904
img03.webp,1080,1987
img04.webp,1080,1320
img05.webp,1080,1310
img06.webp,1080,1562
img07.webp,1080,1492
img08.webp,1080,2462
img09.webp,1080,2818
img10.webp,1080,1645
img11.webp,1080,1468
img12.webp,1080,1485
img13.webp,1080,1462
img14.webp,1080,1326
img15.webp,1080,1435
img16.webp,1080,1463
img18.webp,1080,2016
img19.webp,1080,2675
img20.webp,1080,1864
img21.webp,1080,1870
img22.webp,1080,2352
img24.webp,1080,1911
img25.webp,1080,2457
img26.webp,1080,1667
img27.webp,1080,2427
shop_btn.webp,720,102
slide01.webp,900,1294
slide02.webp,900,1294
slide03.webp,900,1294
slide04.webp,900,1294
slide05.webp,900,1294
slide06.webp,900,1294
